{"loss_val": [0.7975153824000001, 1.053841422, 0.6934311092000001, 1.3524295092], "params": {"num_hidden": 150, "enc_num_layers": 2, "dec_num_layers": 1}}