{"loss_val": [0.7248943249, 0.8677824934, 0.6521745423, 1.1843991975], "params": {"hidden_list": [256, 512, 256]}}