{"loss_val": [0.8424415489, 0.9759474397000001, 0.7016502122, 0.8694936534000001], "params": {"hidden_list": [256, 512, 256]}}