{"loss_val": [0.7705655197, 1.0341759523, 0.8567784528, 0.8736563226], "params": {"num_hidden": 150, "enc_num_layers": 2, "dec_num_layers": 1}}